{
    "Tick size": {
        "count": 46.0,
        "mean": 0.0,
        "std": 0.0,
        "min": 0.0,
        "25%": 0.0,
        "50%": 0.0,
        "75%": 0.0,
        "max": 0.0
    },
    "Min price": {
        "count": 46.0,
        "mean": 3.28580652173913,
        "std": 7.0952134856113345,
        "min": 0.0001,
        "25%": 0.0001,
        "50%": 0.525,
        "75%": 5.2575,
        "max": 43.73
    },
    "Max price": {
        "count": 46.0,
        "mean": 61192.238586956526,
        "std": 92832.9928203667,
        "min": 6.92,
        "25%": 11.112499999999999,
        "50%": 100.055,
        "75%": 199999.0,
        "max": 199999.0
    },
    "Mean number of trades per day": {
        "count": 46.0,
        "mean": 12547.10413560711,
        "std": 24796.896758475214,
        "min": 8.108635097493035,
        "25%": 1341.9879032258063,
        "50%": 3275.009749303621,
        "75%": 8772.82381615599,
        "max": 93960.96610169491
    },
    "Average spread": {
        "count": 24.0,
        "mean": 0.020033647073481944,
        "std": 0.017686934142754383,
        "min": 0.00866360200916256,
        "25%": 0.011096942585450714,
        "50%": 0.011970902609017123,
        "75%": 0.018439138939415713,
        "max": 0.07963145447934315
    },
    "Max spread": {
        "count": 46.0,
        "mean": -Infinity,
        "std": NaN,
        "min": -Infinity,
        "25%": 0.37750000000000017,
        "50%": 2.035,
        "75%": 6.9675,
        "max": 2147.4799
    },
    "Mean volume per trade": {
        "count": 46.0,
        "mean": 174.99678802871802,
        "std": 161.08661893052437,
        "min": 34.322913088285816,
        "25%": 68.2291734103769,
        "50%": 107.39017072391536,
        "75%": 207.00835754345658,
        "max": 758.0602095803542
    },
    "Average duration between moves": {
        "count": 46.0,
        "mean": 17955483573.364464,
        "std": 32859104249.81474,
        "min": 12701785.101816697,
        "25%": 410984623.6122514,
        "50%": 1336231293.2328508,
        "75%": 22792285894.22164,
        "max": 154002397122.37592
    },
    "Median duration between moves": {
        "count": 46.0,
        "mean": 5976531181.358696,
        "std": 13328278683.897686,
        "min": 171373.0,
        "25%": 698338.0,
        "50%": 1910081.5,
        "75%": 91984941.875,
        "max": 64971676102.0
    },
    "Max duration between moves": {
        "count": 46.0,
        "mean": 2787776836297.5654,
        "std": 2069350501070.3591,
        "min": 59383639770.0,
        "25%": 1576527327275.25,
        "50%": 2159635660795.5,
        "75%": 4095823534397.25,
        "max": 7234903673769.0
    },
    "Stand. Dev. duration between moves": {
        "count": 46.0,
        "mean": 37846464629.35185,
        "std": 54924157754.1804,
        "min": 76490184.45551127,
        "25%": 3565537164.046582,
        "50%": 7712993894.792865,
        "75%": 60326364209.875145,
        "max": 233190559265.6048
    },
    "Median volume per trade": {
        "count": 46.0,
        "mean": 73.3695652173913,
        "std": 33.3369056056845,
        "min": 4.0,
        "25%": 40.0,
        "50%": 96.5,
        "75%": 100.0,
        "max": 100.0
    },
    "Stand. Dev. Volume per trade": {
        "count": 46.0,
        "mean": 1627.3988517915175,
        "std": 1638.5001635410365,
        "min": 71.86419682831095,
        "25%": 498.82582933251683,
        "50%": 1137.8979339145853,
        "75%": 2051.17908227897,
        "max": 6514.0298666759945
    },
    "Transactions at the Bid price (%)": {
        "count": 46.0,
        "mean": 29.957385410789108,
        "std": 8.394183811031972,
        "min": 12.80109688074538,
        "25%": 22.158647607798308,
        "50%": 32.71371058768727,
        "75%": 35.246443705222696,
        "max": 47.191197498708895
    },
    "Number of jumps over the week": {
        "count": 46.0,
        "mean": 0.0,
        "std": 0.0,
        "min": 0.0,
        "25%": 0.0,
        "50%": 0.0,
        "75%": 0.0,
        "max": 0.0
    },
    "Average size of the jumps": {
        "count": 46.0,
        "mean": 0.0,
        "std": 0.0,
        "min": 0.0,
        "25%": 0.0,
        "50%": 0.0,
        "75%": 0.0,
        "max": 0.0
    },
    "Min. size of the jumps": {
        "count": 46.0,
        "mean": 0.0,
        "std": 0.0,
        "min": 0.0,
        "25%": 0.0,
        "50%": 0.0,
        "75%": 0.0,
        "max": 0.0
    },
    "Max. size of the jumps": {
        "count": 46.0,
        "mean": 0.0,
        "std": 0.0,
        "min": 0.0,
        "25%": 0.0,
        "50%": 0.0,
        "75%": 0.0,
        "max": 0.0
    },
    "Stand. Dev. size of the jumps": {
        "count": 46.0,
        "mean": 0.0,
        "std": 0.0,
        "min": 0.0,
        "25%": 0.0,
        "50%": 0.0,
        "75%": 0.0,
        "max": 0.0
    },
    "Prop. jumps of size 1": {
        "count": 46.0,
        "mean": 0.0,
        "std": 0.0,
        "min": 0.0,
        "25%": 0.0,
        "50%": 0.0,
        "75%": 0.0,
        "max": 0.0
    },
    "Prop. jumps of size -1": {
        "count": 46.0,
        "mean": 0.0,
        "std": 0.0,
        "min": 0.0,
        "25%": 0.0,
        "50%": 0.0,
        "75%": 0.0,
        "max": 0.0
    },
    "Prop. jumps of size 2": {
        "count": 46.0,
        "mean": 0.0,
        "std": 0.0,
        "min": 0.0,
        "25%": 0.0,
        "50%": 0.0,
        "75%": 0.0,
        "max": 0.0
    },
    "Prop. jumps of size -2": {
        "count": 46.0,
        "mean": 0.0,
        "std": 0.0,
        "min": 0.0,
        "25%": 0.0,
        "50%": 0.0,
        "75%": 0.0,
        "max": 0.0
    },
    "Prop. jumps of size 3": {
        "count": 46.0,
        "mean": 0.0,
        "std": 0.0,
        "min": 0.0,
        "25%": 0.0,
        "50%": 0.0,
        "75%": 0.0,
        "max": 0.0
    },
    "Prop. jumps of size -3": {
        "count": 46.0,
        "mean": 0.0,
        "std": 0.0,
        "min": 0.0,
        "25%": 0.0,
        "50%": 0.0,
        "75%": 0.0,
        "max": 0.0
    }
}